$no_asm,$no_8x8dct,$no_cabac,$no_deblock,$no_fast_pskip,$no_mbtree,$no_mixed_refs,$no_weightb,$rc_lookahead,$rc_lookahead_20,$rc_lookahead_40,$rc_lookahead_60,$ref,ref_1,$ref_5,ref_9,$<Performance
1,0,1,0,1,1,1,0,1,0,1,0,1,0,0,1,6665030.0
1,1,0,0,1,0,1,0,1,0,0,1,1,1,0,0,2643800.0
1,0,0,1,0,1,1,1,1,1,0,0,1,0,1,0,4327230.0
1,0,0,0,1,0,0,0,1,0,0,1,1,1,0,0,2793570.0000000005
1,0,1,0,0,1,1,1,1,1,0,0,1,0,1,0,4280830.0
1,1,0,0,1,1,1,1,1,0,1,0,1,0,1,0,4633470.0
1,1,0,1,1,1,0,0,1,0,1,0,1,0,0,1,7838769.999999999
1,1,1,1,1,1,0,1,1,0,0,1,1,0,1,0,5368500.0
1,0,0,1,1,1,0,0,1,0,0,1,1,1,0,0,3102269.9999999995
1,0,1,0,1,0,0,0,1,0,0,1,1,0,1,0,5089830.0
1,0,1,0,0,0,1,0,1,1,0,0,1,0,1,0,3784169.9999999995
1,1,1,1,1,0,1,0,1,1,0,0,1,1,0,0,2494400.0
1,0,0,0,0,1,0,1,1,1,0,0,1,0,1,0,5190270.0
1,0,1,0,0,0,1,0,1,1,0,0,1,1,0,0,2604800.0
1,0,1,1,1,0,1,0,1,0,1,0,1,0,1,0,4446070.0
1,0,1,1,1,1,0,0,1,1,0,0,1,0,1,0,5640930.0
1,1,1,0,0,0,1,1,1,0,0,1,1,1,0,0,2476930.0
1,1,1,1,0,1,0,1,1,0,1,0,1,1,0,0,2754529.9999999995
1,1,0,0,0,0,0,1,1,0,1,0,1,0,0,1,5872400.0
1,1,1,0,1,1,1,1,1,0,0,1,1,0,0,1,6453800.0
1,0,0,1,1,0,1,0,1,1,0,0,1,0,1,0,4466800.0
1,0,0,0,0,1,1,0,1,0,0,1,1,0,0,1,5807400.0
1,0,0,0,0,1,0,0,1,0,1,0,1,0,0,1,7215630.0
1,0,1,0,0,1,1,0,1,0,0,1,1,1,0,0,2956200.0
1,1,1,1,0,0,1,1,1,0,0,1,1,0,1,0,3644970.0
1,0,0,0,0,0,0,0,1,0,0,1,1,0,0,1,6134470.0
1,1,1,1,1,1,1,0,1,0,1,0,1,1,0,0,2792600.0
1,1,1,1,1,1,1,0,1,1,0,0,1,0,0,1,6441570.0
1,1,0,1,1,0,1,0,1,0,1,0,1,0,1,0,4330000.0
1,1,0,1,0,0,0,1,1,1,0,0,1,0,0,1,5886700.0
1,0,0,1,0,0,1,1,1,1,0,0,1,0,1,0,3801000.0
1,1,1,0,0,0,0,0,1,0,1,0,1,1,0,0,2464870.0
1,0,1,1,1,0,0,1,1,0,0,1,1,0,1,0,5098030.0
1,0,0,0,0,1,1,0,1,1,0,0,1,0,0,1,5807370.0
1,0,1,1,0,1,1,0,1,0,0,1,1,0,1,0,4277930.0
1,1,1,1,0,0,1,0,1,0,1,0,1,0,0,1,4921300.0
1,0,1,0,1,0,1,0,1,1,0,0,1,0,1,0,4439200.0
1,1,1,1,0,1,0,0,1,1,0,0,1,0,1,0,4870900.0
1,0,0,1,1,1,0,0,1,1,0,0,1,0,0,1,8215200.0
1,1,0,0,1,0,1,1,1,1,0,0,1,1,0,0,2612070.0
1,0,1,1,0,0,1,0,1,0,0,1,1,0,1,0,3805270.0
1,0,1,0,0,0,0,0,1,0,1,0,1,0,1,0,4381970.0
1,0,1,0,0,1,1,1,1,0,1,0,1,0,1,0,4280730.0
1,1,1,0,0,0,1,0,1,0,0,1,1,1,0,0,2477170.0
1,1,0,1,0,0,0,0,1,0,0,1,1,0,1,0,4280270.0
1,0,0,1,1,1,1,1,1,0,0,1,1,0,1,0,4820800.0
1,1,0,1,1,0,0,1,1,1,0,0,1,0,1,0,4926630.0
1,1,1,0,0,1,1,1,1,0,0,1,1,1,0,0,2760730.0
1,1,1,1,1,0,1,0,1,0,0,1,1,0,1,0,4282630.0
1,0,0,1,1,0,1,0,1,1,0,0,1,0,0,1,6296200.0
1,0,1,1,1,0,1,0,1,0,0,1,1,0,0,1,6281500.0
1,0,0,0,0,1,1,1,1,0,1,0,1,1,0,0,3054330.0
1,0,1,1,1,1,0,0,1,0,1,0,1,0,0,1,8099700.0
1,0,1,0,0,1,0,1,1,0,0,1,1,0,0,1,7127270.0
1,1,1,0,0,1,1,0,1,0,1,0,1,0,0,1,5565130.0
1,0,0,1,1,1,1,1,1,0,1,0,1,1,0,0,3102830.0
1,1,0,0,1,0,1,1,1,0,0,1,1,0,1,0,4346430.0
1,1,1,0,1,1,1,1,1,1,0,0,1,0,0,1,6453769.999999999
1,1,1,0,0,1,1,0,1,1,0,0,1,0,1,0,4088399.9999999995
1,1,0,0,0,0,0,0,1,0,0,1,1,1,0,0,2579730.0
1,0,0,1,1,1,1,1,1,1,0,0,1,1,0,0,3102900.0
1,0,0,0,1,1,1,1,1,0,0,1,1,0,0,1,6722070.0
1,0,1,1,1,0,0,0,1,1,0,0,1,0,1,0,5074030.0
1,0,0,0,1,0,0,0,1,0,1,0,1,0,0,1,7415900.0
1,0,0,0,1,1,1,0,1,0,1,0,1,0,1,0,4828770.0
1,1,1,1,1,1,1,1,1,0,1,0,1,1,0,0,2791930.0
1,1,0,1,1,0,1,0,1,1,0,0,1,0,0,1,6137630.0
1,1,0,1,0,1,0,0,1,0,0,1,1,0,0,1,6908730.000000001
1,1,0,1,1,0,1,0,1,1,0,0,1,0,1,0,4310000.0
1,1,1,0,0,0,1,0,1,0,0,1,1,0,0,1,4939600.0
1,0,1,0,1,0,1,1,1,0,1,0,1,0,1,0,4454570.0
1,0,1,1,0,0,1,0,1,0,0,1,1,0,0,1,5087670.0
1,0,0,0,0,1,0,1,1,1,0,0,1,0,0,1,7217569.999999999
1,0,0,0,1,1,0,1,1,1,0,0,1,0,1,0,5713500.0
1,1,0,0,0,0,1,0,1,1,0,0,1,0,0,1,4968930.0
1,1,1,1,0,1,0,0,1,0,0,1,1,0,0,1,6835200.0
1,0,0,1,0,1,1,1,1,1,0,0,1,0,0,1,5803730.000000001
1,1,1,0,1,1,1,1,1,0,1,0,1,0,1,0,4563630.0
1,0,1,0,0,1,1,0,1,0,1,0,1,0,0,1,5764100.0
1,1,0,0,1,1,0,0,1,0,1,0,1,0,0,1,7809299.999999999
1,0,0,1,0,1,0,1,1,1,0,0,1,1,0,0,3049970.0
1,0,0,1,0,0,0,0,1,1,0,0,1,0,1,0,4447100.0
1,0,0,1,1,1,1,0,1,1,0,0,1,1,0,0,3101530.0
1,0,0,1,1,0,0,0,1,0,1,0,1,1,0,0,2778130.0
1,0,0,1,0,0,0,1,1,0,0,1,1,0,0,1,6169600.0
1,0,0,0,1,1,1,1,1,1,0,0,1,1,0,0,3107930.0
1,0,1,1,1,0,0,0,1,1,0,0,1,1,0,0,2661900.0
1,1,1,0,0,1,0,1,1,0,1,0,1,1,0,0,2759730.0
1,1,0,0,0,1,1,1,1,0,0,1,1,0,0,1,5619700.0
1,1,1,0,0,1,0,0,1,0,1,0,1,0,0,1,6805570.0
1,1,0,1,0,1,1,0,1,0,1,0,1,0,1,0,4141730.0
1,1,1,0,0,1,1,0,1,0,1,0,1,0,1,0,4087500.0
1,0,0,1,1,1,0,1,1,0,0,1,1,1,0,0,3103270.0
1,1,0,1,0,1,1,1,1,1,0,0,1,0,1,0,4140330.0
1,1,0,1,0,1,1,0,1,0,0,1,1,0,1,0,4142430.0
1,0,0,1,1,1,0,1,1,0,1,0,1,1,0,0,3103170.0
1,0,1,1,0,0,1,0,1,0,1,0,1,0,1,0,3794570.0
1,1,0,1,1,1,0,1,1,0,1,0,1,1,0,0,2912000.0
1,1,1,0,0,1,1,0,1,0,0,1,1,0,0,1,5566300.0
1,0,1,0,0,0,0,1,1,0,0,1,1,0,0,1,6044829.999999999
1,0,1,1,1,1,0,0,1,0,1,0,1,0,1,0,5642000.0
1,1,1,0,1,1,1,0,1,1,0,0,1,0,1,0,4567400.0
1,1,1,1,0,0,1,0,1,1,0,0,1,0,0,1,4904730.0
1,0,1,0,0,0,0,1,1,0,1,0,1,1,0,0,2625670.0
1,0,0,1,1,0,1,1,1,1,0,0,1,0,0,1,6293900.0
1,0,1,0,1,0,1,0,1,1,0,0,1,1,0,0,2666700.0
1,1,0,0,0,1,1,1,1,0,1,0,1,1,0,0,2870370.0
1,1,0,1,0,1,1,1,1,0,1,0,1,1,0,0,2863370.0
1,0,1,1,0,1,0,0,1,0,0,1,1,1,0,0,2953530.0
1,1,1,1,1,1,0,1,1,0,0,1,1,1,0,0,2792170.0
1,1,0,0,1,1,1,0,1,1,0,0,1,1,0,0,2916600.0000000005
1,0,1,1,0,1,1,0,1,1,0,0,1,0,0,1,5758630.000000001
1,1,1,1,1,1,1,1,1,0,1,0,1,0,0,1,6439829.999999999
1,1,1,1,0,1,0,0,1,0,1,0,1,1,0,0,2755600.0
1,0,0,0,0,0,1,1,1,0,0,1,1,1,0,0,2720530.0
1,1,0,1,0,0,1,0,1,0,0,1,1,0,0,1,4978030.0
1,0,1,0,1,0,0,0,1,1,0,0,1,0,0,1,7300100.0
1,1,1,0,1,0,0,1,1,0,0,1,1,0,0,1,7060630.0
1,0,0,1,1,1,1,0,1,0,1,0,1,0,1,0,4822570.0
1,1,0,1,1,0,0,0,1,0,1,0,1,1,0,0,2627930.0
1,0,1,1,1,0,1,1,1,0,1,0,1,0,0,1,6272400.0
1,0,1,1,1,0,1,0,1,0,0,1,1,1,0,0,2695830.0000000005
1,1,1,0,0,0,1,1,1,0,1,0,1,0,1,0,3643470.0
1,1,1,0,0,0,0,1,1,0,0,1,1,0,0,1,5817170.0
1,0,0,1,1,0,0,0,1,1,0,0,1,0,1,0,5162200.0
1,0,1,0,0,1,0,1,1,1,0,0,1,0,1,0,5114800.0
1,0,0,1,1,1,1,0,1,0,1,0,1,0,0,1,6716970.0
1,0,1,1,1,1,0,0,1,1,0,0,1,0,0,1,8099370.0
1,0,0,1,1,1,0,1,1,0,1,0,1,0,1,0,5734000.0
1,1,1,1,0,0,0,1,1,0,0,1,1,0,0,1,5838470.0
1,0,1,0,1,1,1,0,1,1,0,0,1,1,0,0,2997700.0
1,0,0,0,0,1,1,0,1,0,1,0,1,0,0,1,5808769.999999999
1,0,0,0,0,1,0,0,1,0,0,1,1,1,0,0,3053830.0
1,0,1,0,1,1,0,0,1,0,0,1,1,0,1,0,5629230.0
1,1,0,1,0,0,1,1,1,1,0,0,1,0,0,1,4954900.0
1,1,0,1,1,0,1,0,1,0,0,1,1,1,0,0,2638470.0
1,1,1,0,1,0,0,1,1,1,0,0,1,0,1,0,4842900.0
1,1,1,0,0,0,1,1,1,0,1,0,1,1,0,0,2465800.0
1,1,1,0,1,0,0,0,1,0,1,0,1,1,0,0,2518700.0
1,0,1,1,1,0,1,1,1,0,0,1,1,1,0,0,2694930.0
1,1,1,0,1,0,0,1,1,1,0,0,1,1,0,0,2496400.0
1,1,1,1,1,0,1,1,1,0,0,1,1,0,0,1,6096970.0
1,0,0,1,1,0,0,1,1,1,0,0,1,0,1,0,5156870.0
1,0,1,0,0,1,1,0,1,1,0,0,1,0,0,1,5765400.0
1,0,0,1,0,1,1,0,1,1,0,0,1,1,0,0,3049670.0
1,1,1,1,1,0,1,1,1,0,0,1,1,0,1,0,4281570.0
1,1,0,1,1,0,1,1,1,0,1,0,1,1,0,0,2625100.0
1,1,1,1,0,0,0,0,1,1,0,0,1,0,1,0,4181900.0
1,1,0,0,1,1,1,0,1,1,0,0,1,0,0,1,6524670.0
1,1,0,0,0,1,1,0,1,0,0,1,1,0,0,1,5618470.0
1,0,1,1,0,0,0,0,1,1,0,0,1,1,0,0,2598070.0
1,1,1,1,1,1,1,0,1,0,0,1,1,0,0,1,6441600.0
1,0,1,0,1,0,0,0,1,0,1,0,1,0,1,0,5077500.0
1,0,1,0,0,0,1,0,1,1,0,0,1,0,0,1,5072470.0
1,0,0,1,0,1,0,0,1,0,0,1,1,1,0,0,3049600.0
1,1,1,1,0,0,1,0,1,0,1,0,1,1,0,0,2462730.0
1,0,1,1,0,1,1,1,1,0,0,1,1,0,1,0,4275200.0
1,0,1,1,1,1,1,0,1,0,0,1,1,1,0,0,2996770.0
1,1,0,1,1,0,1,0,1,0,1,0,1,0,0,1,6150930.0
1,1,1,1,0,1,1,1,1,0,0,1,1,0,0,1,5551799.999999999
1,0,1,1,1,1,0,1,1,1,0,0,1,1,0,0,2996470.0
1,1,0,0,0,0,0,0,1,1,0,0,1,1,0,0,2545870.0
1,0,0,1,0,1,0,1,1,1,0,0,1,0,0,1,7265100.0
1,0,0,1,0,0,1,0,1,0,0,1,1,0,1,0,3832600.0
1,1,1,1,0,1,1,0,1,0,0,1,1,0,0,1,5556330.0
1,0,1,0,0,1,1,1,1,1,0,0,1,0,0,1,5762170.0
1,1,1,1,0,0,1,0,1,0,1,0,1,0,1,0,3639370.0
1,0,1,1,0,0,1,0,1,1,0,0,1,0,0,1,5063600.0
1,1,1,1,1,1,0,1,1,0,1,0,1,0,1,0,5368769.999999999
1,0,1,1,1,1,1,1,1,1,0,0,1,0,1,0,4761000.0
1,0,0,0,1,1,1,1,1,0,1,0,1,1,0,0,3107530.0
1,1,1,0,0,0,0,1,1,1,0,0,1,0,0,1,5790230.0
1,0,0,0,0,0,1,0,1,0,1,0,1,1,0,0,2706600.0000000005
1,1,1,1,0,0,0,1,1,0,1,0,1,0,1,0,4198200.0
1,1,1,0,1,0,1,1,1,0,0,1,1,0,1,0,4292570.0
1,1,1,0,0,1,1,1,1,1,0,0,1,0,0,1,5563270.0
1,1,0,1,1,0,1,1,1,0,0,1,1,0,0,1,6161330.0
1,1,0,1,0,1,1,0,1,1,0,0,1,0,0,1,5617900.0
1,1,0,0,1,1,0,0,1,0,1,0,1,0,1,0,5434630.0
1,1,1,0,0,1,0,0,1,0,1,0,1,0,1,0,4854770.0
1,1,1,0,0,1,1,1,1,1,0,0,1,0,1,0,4086270.0
1,0,0,1,0,1,1,0,1,1,0,0,1,0,1,0,4327730.0
1,1,1,0,0,0,1,0,1,1,0,0,1,1,0,0,2444330.0
1,1,1,0,1,0,0,1,1,0,0,1,1,0,1,0,4875830.0
1,1,1,1,1,1,0,0,1,1,0,0,1,0,1,0,5371530.0
1,1,0,0,0,0,0,1,1,0,1,0,1,1,0,0,2566669.9999999995
1,1,0,1,1,0,0,1,1,1,0,0,1,1,0,0,2606170.0
1,0,0,0,1,0,1,0,1,0,0,1,1,0,0,1,6329430.0
1,0,1,0,1,0,1,1,1,0,0,1,1,1,0,0,2700630.0
1,1,1,1,0,0,1,1,1,0,0,1,1,1,0,0,2475370.0
1,1,1,0,1,0,1,1,1,0,1,0,1,1,0,0,2518600.0
1,0,1,0,0,1,1,0,1,0,0,1,1,0,1,0,4283730.0
1,0,1,1,0,0,0,0,1,1,0,0,1,0,0,1,6052730.0
1,0,0,0,1,1,1,1,1,0,0,1,1,1,0,0,3106730.0
1,1,1,1,0,0,1,0,1,1,0,0,1,0,1,0,3620370.0
1,0,1,0,1,0,0,1,1,0,1,0,1,1,0,0,2688730.0
1,1,1,1,1,0,0,1,1,0,1,0,1,1,0,0,2515300.0
1,0,0,0,1,1,0,0,1,0,1,0,1,0,1,0,5713970.000000001
1,0,1,1,1,0,1,1,1,1,0,0,1,0,0,1,6257100.0
1,1,0,0,0,0,0,0,1,0,0,1,1,0,1,0,4264170.0
1,1,1,0,0,0,0,1,1,0,1,0,1,1,0,0,2464100.0
1,1,1,1,0,1,1,1,1,0,0,1,1,0,1,0,4077630.0
1,1,1,1,1,1,1,1,1,0,0,1,1,0,0,1,6440330.0
1,0,0,1,1,1,0,1,1,0,1,0,1,0,0,1,8217569.999999999
1,1,1,1,0,1,0,0,1,1,0,0,1,1,0,0,2753870.0
1,0,0,0,0,0,0,1,1,0,0,1,1,0,0,1,6135170.000000001
1,1,0,1,0,1,0,0,1,0,1,0,1,0,0,1,6907170.0
1,0,1,0,0,1,0,1,1,0,0,1,1,1,0,0,2956070.0000000005
1,1,0,1,1,0,1,1,1,0,0,1,1,1,0,0,2639200.0
1,0,0,1,0,1,1,1,1,0,0,1,1,0,1,0,4326770.0
1,1,1,0,1,1,1,0,1,0,1,0,1,0,0,1,6455400.0
1,1,1,1,1,1,1,0,1,0,1,0,1,0,1,0,4556800.0
1,0,1,0,1,0,0,0,1,0,1,0,1,1,0,0,2687870.0
1,0,0,0,0,0,0,0,1,0,1,0,1,0,0,1,6129700.0
1,1,0,1,1,0,1,1,1,1,0,0,1,0,0,1,6133970.000000001
1,0,1,1,1,1,0,0,1,0,0,1,1,0,0,1,8098070.0
1,1,0,0,1,0,0,1,1,0,1,0,1,0,1,0,4934400.0
1,1,1,0,0,0,1,1,1,1,0,0,1,0,1,0,3626130.0
1,1,0,0,1,1,0,0,1,0,0,1,1,0,0,1,7811630.0
1,1,1,0,1,0,0,0,1,1,0,0,1,0,0,1,7042200.0
1,0,0,0,1,0,0,0,1,0,0,1,1,0,0,1,7424630.0
1,0,0,1,1,1,0,0,1,0,0,1,1,0,1,0,5737569.999999999
1,0,1,1,1,0,1,1,1,1,0,0,1,1,0,0,2662730.0000000005
1,0,1,1,0,0,0,1,1,1,0,0,1,0,0,1,6049170.0
1,0,0,0,0,0,1,0,1,1,0,0,1,1,0,0,2687730.0000000005
1,0,1,0,0,1,1,1,1,0,1,0,1,0,0,1,5762770.0
1,1,0,1,1,1,0,0,1,0,1,0,1,1,0,0,2910670.0
1,1,0,1,0,1,0,1,1,0,0,1,1,0,0,1,6903900.0
1,1,0,0,0,0,1,1,1,0,0,1,1,0,0,1,4988270.0
1,1,1,0,1,0,1,0,1,0,1,0,1,1,0,0,2518230.0
1,0,1,1,0,1,1,0,1,1,0,0,1,0,1,0,4276600.0
1,0,1,0,1,1,0,0,1,0,1,0,1,0,0,1,8072730.0
1,0,1,0,0,0,0,0,1,1,0,0,1,1,0,0,2602670.0
1,0,0,0,0,1,0,1,1,1,0,0,1,1,0,0,3052830.0
1,0,0,1,1,1,1,1,1,1,0,0,1,0,0,1,6714000.0
1,0,0,1,0,1,0,0,1,0,0,1,1,0,0,1,7269170.0
1,0,1,1,1,0,1,0,1,0,0,1,1,0,1,0,4456670.0
1,1,0,0,0,0,1,0,1,0,0,1,1,0,1,0,3707700.0
1,0,1,0,0,0,0,1,1,0,0,1,1,0,1,0,4390200.0
1,1,0,0,1,0,0,1,1,0,0,1,1,0,1,0,4943200.0
1,0,0,1,0,0,1,0,1,0,1,0,1,0,1,0,3821200.0
1,1,0,0,1,0,0,0,1,0,1,0,1,0,0,1,7125400.0
1,0,0,1,0,0,1,0,1,0,0,1,1,0,0,1,5108370.0
1,0,1,1,1,1,0,1,1,0,0,1,1,0,1,0,5641470.000000001
1,1,1,1,1,0,1,0,1,1,0,0,1,0,0,1,6076269.999999999
1,1,0,0,0,1,1,0,1,0,1,0,1,0,1,0,4148470.0
1,1,1,1,1,1,0,0,1,0,0,1,1,0,0,1,7758099.999999999
1,0,0,1,0,1,0,0,1,0,1,0,1,0,1,0,5218430.0
1,0,0,0,1,1,1,0,1,0,1,0,1,0,0,1,6724130.0
1,1,1,0,0,1,0,0,1,1,0,0,1,0,1,0,4856600.0
1,1,1,1,0,1,0,1,1,0,0,1,1,0,0,1,6835430.0
1,1,0,0,1,0,1,1,1,1,0,0,1,0,1,0,4320300.0
1,1,0,1,0,0,0,1,1,0,1,0,1,0,1,0,4267500.0
1,1,1,0,1,1,1,1,1,0,0,1,1,0,1,0,4564370.0
1,0,0,1,1,1,0,1,1,0,0,1,1,0,0,1,8215100.0
1,1,1,1,1,1,0,1,1,0,0,1,1,0,0,1,7756799.999999999
1,0,0,1,1,1,0,0,1,1,0,0,1,1,0,0,3101770.0
1,1,0,1,0,1,1,1,1,1,0,0,1,1,0,0,2864400.0
1,0,0,1,1,1,1,0,1,0,0,1,1,0,0,1,6717470.0
1,0,1,1,0,1,1,0,1,0,0,1,1,1,0,0,2954130.0
1,1,1,0,1,1,1,0,1,0,1,0,1,1,0,0,2797400.0
1,0,0,1,1,1,0,0,1,0,1,0,1,0,1,0,5736300.0
1,1,0,1,1,1,0,0,1,1,0,0,1,1,0,0,2910100.0
1,1,0,0,1,1,0,1,1,1,0,0,1,0,0,1,7806570.0
1,0,1,1,1,1,0,1,1,0,0,1,1,1,0,0,2997970.0000000005
1,0,1,1,1,1,1,1,1,1,0,0,1,1,0,0,2997029.9999999995
1,1,0,1,1,1,0,1,1,0,0,1,1,0,1,0,5445800.0
1,0,1,0,1,0,0,1,1,1,0,0,1,0,0,1,7293000.0
1,1,0,0,1,0,0,0,1,0,1,0,1,0,1,0,4938930.0
1,0,1,1,1,1,1,1,1,0,0,1,1,0,0,1,6651670.0
1,1,1,1,1,1,0,1,1,0,1,0,1,0,0,1,7755400.0
1,0,0,1,0,0,0,1,1,0,1,0,1,0,0,1,6160870.0
1,1,0,0,0,0,0,1,1,1,0,0,1,0,1,0,4226470.0
1,1,0,1,0,1,1,1,1,0,1,0,1,0,1,0,4138800.0
1,1,0,1,1,0,0,0,1,1,0,0,1,0,1,0,4933070.0
1,0,1,0,0,0,0,0,1,0,0,1,1,1,0,0,2638230.0
1,1,0,0,0,0,1,0,1,0,0,1,1,0,0,1,4992700.0
1,0,1,1,1,0,0,1,1,0,1,0,1,0,1,0,5086230.0
1,0,1,0,0,1,0,1,1,0,1,0,1,1,0,0,2956100.0
1,0,0,0,1,1,0,0,1,1,0,0,1,1,0,0,3105800.0
1,1,0,1,1,1,1,0,1,1,0,0,1,1,0,0,2910430.0
1,1,1,1,1,1,1,1,1,0,0,1,1,0,1,0,4555130.0
1,0,1,0,1,0,1,1,1,0,0,1,1,0,1,0,4466300.0
1,1,1,0,1,1,0,0,1,0,1,0,1,1,0,0,2797530.0
1,1,0,1,0,0,0,0,1,0,1,0,1,0,0,1,5901799.999999999
1,1,1,0,1,1,0,0,1,0,0,1,1,1,0,0,2798399.9999999995
1,1,0,1,0,0,0,0,1,0,0,1,1,1,0,0,2574630.0
1,0,0,1,0,0,0,1,1,1,0,0,1,1,0,0,2678530.0
1,0,0,0,1,1,1,0,1,1,0,0,1,0,1,0,4829030.0
1,0,0,1,1,0,1,0,1,1,0,0,1,1,0,0,2756900.0
1,1,1,1,1,1,0,1,1,1,0,0,1,0,1,0,5369500.0
1,0,1,1,0,0,0,1,1,0,0,1,1,1,0,0,2633630.0
1,0,1,0,0,1,1,1,1,0,1,0,1,1,0,0,2955800.0
1,0,0,0,1,1,0,1,1,0,0,1,1,0,0,1,8173529.999999999
1,1,0,0,0,1,1,0,1,0,0,1,1,0,1,0,4149970.0
1,0,1,0,0,0,0,0,1,1,0,0,1,0,1,0,4361170.0
1,1,1,0,0,0,0,0,1,1,0,0,1,0,0,1,5791770.0
1,0,0,0,1,1,1,0,1,0,1,0,1,1,0,0,3106970.0
1,0,1,1,1,0,0,0,1,1,0,0,1,0,0,1,7320069.999999999
1,1,1,0,0,1,0,0,1,0,1,0,1,1,0,0,2760100.0
1,1,0,1,1,1,0,1,1,0,0,1,1,0,0,1,7835170.000000001
1,0,1,0,1,0,1,0,1,1,0,0,1,0,0,1,6270530.0
1,0,0,1,1,0,1,1,1,0,0,1,1,0,0,1,6315830.0
1,1,0,0,0,1,0,0,1,1,0,0,1,1,0,0,2870100.0
1,1,0,1,0,1,0,1,1,0,0,1,1,0,1,0,4937030.0
1,0,1,1,0,0,0,1,1,0,1,0,1,0,0,1,6070330.0
1,1,1,1,1,1,1,1,1,0,1,0,1,0,1,0,4554000.0
1,1,0,1,1,1,1,0,1,0,1,0,1,0,0,1,6514900.0
1,0,1,0,1,0,0,0,1,1,0,0,1,0,1,0,5058570.0
1,0,0,0,0,1,1,0,1,1,0,0,1,0,1,0,4332230.0
1,1,0,1,0,1,0,0,1,1,0,0,1,0,0,1,6905900.0
1,1,0,0,1,1,1,1,1,0,1,0,1,1,0,0,2916030.0
1,1,0,1,1,1,1,0,1,0,0,1,1,0,0,1,6516400.0
1,0,0,1,1,0,1,1,1,0,0,1,1,1,0,0,2790130.0
1,0,1,1,0,0,1,0,1,0,1,0,1,1,0,0,2621700.0
1,0,1,0,1,0,1,1,1,0,1,0,1,1,0,0,2688830.0
1,0,1,0,1,1,1,1,1,0,1,0,1,1,0,0,2998399.9999999995
1,1,0,1,1,1,0,0,1,0,0,1,1,1,0,0,2911400.0
1,0,1,1,0,0,0,0,1,0,1,0,1,1,0,0,2622330.0
1,1,1,1,1,0,0,1,1,0,1,0,1,0,1,0,4870570.0
1,1,0,0,1,0,1,1,1,1,0,0,1,0,0,1,6150570.0
1,0,1,1,0,1,0,1,1,1,0,0,1,0,1,0,5128700.0
1,0,1,0,1,1,1,1,1,0,0,1,1,0,1,0,4769000.0
1,1,1,0,1,0,1,0,1,1,0,0,1,0,0,1,6093300.0
1,1,1,0,1,0,0,0,1,1,0,0,1,1,0,0,2494970.0
1,0,1,1,0,1,0,1,1,0,1,0,1,0,1,0,5130000.0
1,1,0,0,0,1,1,0,1,1,0,0,1,0,0,1,5619270.0
1,1,0,0,1,0,0,1,1,1,0,0,1,0,1,0,4916870.0
1,1,0,1,0,0,1,0,1,1,0,0,1,0,0,1,4957230.0
1,0,0,1,1,1,0,1,1,1,0,0,1,0,1,0,5734600.0
1,0,1,0,1,1,0,0,1,1,0,0,1,0,0,1,8073330.0
1,0,0,1,0,0,0,0,1,0,0,1,1,0,0,1,6174200.0
1,1,0,0,1,0,1,1,1,0,0,1,1,1,0,0,2643300.0
1,1,1,0,1,1,0,0,1,1,0,0,1,0,0,1,7736700.0
1,1,0,0,1,1,0,1,1,0,0,1,1,0,0,1,7807900.0
1,1,0,0,0,0,1,0,1,0,1,0,1,1,0,0,2568200.0
1,0,0,1,1,0,1,1,1,1,0,0,1,1,0,0,2753100.0
1,1,0,0,0,1,1,0,1,0,1,0,1,1,0,0,2872100.0
1,1,1,0,1,0,0,0,1,1,0,0,1,0,1,0,4848530.0
1,1,1,0,1,1,0,1,1,1,0,0,1,0,0,1,7732770.0
1,1,0,1,1,0,0,0,1,0,0,1,1,1,0,0,2639100.0000000005
1,0,1,0,1,0,1,1,1,0,0,1,1,0,0,1,6293970.000000001
1,0,0,1,0,0,1,0,1,1,0,0,1,0,0,1,5087100.0
1,1,1,0,1,1,1,0,1,0,0,1,1,0,0,1,6455100.0
1,1,1,0,1,0,1,0,1,1,0,0,1,0,1,0,4265270.0
1,0,1,0,0,1,0,0,1,0,1,0,1,1,0,0,2954900.0
1,0,1,1,1,0,0,1,1,1,0,0,1,1,0,0,2661130.0
1,1,1,1,0,1,1,0,1,1,0,0,1,0,0,1,5555800.0
1,1,1,1,1,0,0,1,1,0,0,1,1,0,1,0,4882600.0
1,1,1,1,1,1,0,0,1,0,0,1,1,1,0,0,2792230.0
1,0,0,0,1,0,0,1,1,1,0,0,1,0,1,0,5135300.0
1,1,0,1,0,1,0,0,1,0,1,0,1,1,0,0,2864270.0
1,0,0,1,0,1,0,1,1,0,1,0,1,0,0,1,7266430.0
1,0,0,1,0,0,0,0,1,1,0,0,1,0,0,1,6152870.0
1,1,0,0,0,1,0,1,1,0,1,0,1,0,1,0,4923530.0
1,0,1,1,0,0,0,0,1,0,1,0,1,0,1,0,4396070.0
1,0,1,0,1,1,1,0,1,0,0,1,1,1,0,0,2998900.0
1,1,1,0,0,1,0,0,1,1,0,0,1,0,0,1,6806470.000000001
1,1,0,1,0,0,1,1,1,0,1,0,1,1,0,0,2563200.0
1,0,1,0,1,0,1,1,1,1,0,0,1,0,0,1,6271130.000000001
1,1,0,0,1,1,1,1,1,0,0,1,1,1,0,0,2915870.0
1,0,1,1,1,1,0,1,1,0,1,0,1,1,0,0,2996270.0
1,0,0,0,1,0,1,0,1,1,0,0,1,0,1,0,4474230.0
1,1,0,1,0,1,0,1,1,0,1,0,1,0,1,0,4937100.0
1,1,0,1,1,0,0,0,1,0,1,0,1,0,0,1,7152500.0
1,0,0,1,1,0,1,0,1,0,0,1,1,0,1,0,4493830.0
1,0,1,1,0,0,1,1,1,1,0,0,1,1,0,0,2598399.9999999995
1,0,0,0,0,1,1,1,1,1,0,0,1,1,0,0,3054800.0
1,0,1,0,0,0,0,1,1,1,0,0,1,0,0,1,6015900.0
1,1,1,1,1,0,0,1,1,1,0,0,1,0,1,0,4853500.0
1,1,1,0,0,0,0,0,1,0,0,1,1,0,1,0,4197000.0
1,0,1,0,1,0,0,0,1,0,1,0,1,0,0,1,7313529.999999999
1,1,1,0,0,0,0,0,1,1,0,0,1,1,0,0,2443900.0
1,0,0,0,0,0,0,1,1,1,0,0,1,1,0,0,2685570.0
1,1,1,0,0,1,1,1,1,0,0,1,1,0,1,0,4086070.0000000005
1,0,0,0,1,1,0,1,1,0,0,1,1,0,1,0,5714730.0
1,1,1,1,0,0,0,0,1,0,0,1,1,0,1,0,4211130.0
1,1,0,0,0,1,1,0,1,1,0,0,1,0,1,0,4148330.0000000005
1,0,1,1,0,1,1,1,1,1,0,0,1,1,0,0,2954100.0000000005
1,0,1,1,1,1,1,0,1,0,0,1,1,0,0,1,6652000.0
1,1,0,0,0,0,1,1,1,1,0,0,1,1,0,0,2547070.0
1,0,0,1,0,0,1,0,1,0,1,0,1,1,0,0,2701370.0
1,1,0,1,0,0,0,1,1,0,1,0,1,0,0,1,5897400.0
1,1,0,0,1,0,0,0,1,0,0,1,1,0,0,1,7135770.0
1,0,0,1,0,1,1,0,1,1,0,0,1,0,0,1,5805430.0
1,0,1,1,1,0,1,0,1,1,0,0,1,1,0,0,2662200.0000000005
1,0,0,1,0,1,0,0,1,0,1,0,1,0,0,1,7267900.0
1,0,1,0,1,1,1,1,1,1,0,0,1,0,0,1,6662500.0
1,1,1,0,1,1,0,1,1,0,0,1,1,1,0,0,2797570.0
1,0,1,0,1,0,0,0,1,1,0,0,1,1,0,0,2664830.0
1,0,1,1,0,1,0,1,1,0,0,1,1,0,1,0,5127730.0
1,1,1,1,0,0,1,1,1,1,0,0,1,0,0,1,4900430.0
1,0,1,0,0,0,1,0,1,0,1,0,1,0,1,0,3806630.0
1,1,1,0,0,1,0,1,1,0,1,0,1,0,1,0,4855230.0
1,0,0,0,1,1,1,1,1,0,1,0,1,0,0,1,6722130.0
1,0,1,0,0,0,1,1,1,0,0,1,1,0,1,0,3812130.0
1,1,1,0,0,0,0,1,1,0,1,0,1,0,0,1,5811070.0
1,1,1,0,0,1,1,1,1,0,0,1,1,0,0,1,5563400.0
1,1,0,1,0,0,1,1,1,0,1,0,1,0,1,0,3686300.0
1,0,1,1,0,0,1,0,1,1,0,0,1,1,0,0,2599630.0
1,0,1,1,0,0,0,1,1,0,1,0,1,0,1,0,4392600.0
1,0,1,1,0,1,1,1,1,0,1,0,1,1,0,0,2954470.0
1,0,1,1,1,1,0,1,1,1,0,0,1,0,1,0,5640630.0
1,0,0,1,0,0,1,1,1,0,1,0,1,1,0,0,2700130.0
1,0,1,0,1,0,0,0,1,0,0,1,1,1,0,0,2699169.9999999995
1,1,1,1,0,1,0,0,1,0,0,1,1,1,0,0,2754529.9999999995
1,1,1,1,1,0,0,0,1,0,0,1,1,1,0,0,2528270.0
1,0,1,1,0,1,1,0,1,0,1,0,1,1,0,0,2953600.0
1,1,1,1,0,0,0,1,1,1,0,0,1,1,0,0,2443530.0
1,1,1,1,1,1,1,1,1,0,0,1,1,1,0,0,2792470.0
1,1,0,0,1,0,1,0,1,0,0,1,1,0,0,1,6172070.0
1,0,0,0,1,1,1,0,1,1,0,0,1,1,0,0,3105200.0
1,0,1,1,1,1,1,0,1,1,0,0,1,0,0,1,6652230.0
1,0,0,1,0,1,1,1,1,0,1,0,1,1,0,0,3050000.0
1,1,1,1,0,1,0,1,1,1,0,0,1,0,0,1,6834200.0
1,1,1,0,1,0,1,1,1,0,1,0,1,0,1,0,4281600.0
1,0,1,0,0,1,0,0,1,1,0,0,1,0,0,1,7127430.000000001
1,0,1,0,1,1,1,1,1,0,1,0,1,0,0,1,6664930.000000001
1,0,1,1,0,0,0,0,1,0,0,1,1,1,0,0,2633670.0
1,1,0,0,0,1,0,0,1,0,1,0,1,0,0,1,6876000.0
1,0,1,1,1,0,1,0,1,1,0,0,1,0,1,0,4428100.0
1,1,0,1,1,0,1,1,1,0,1,0,1,0,1,0,4327700.0
1,1,0,0,0,1,1,0,1,1,0,0,1,1,0,0,2870870.0
1,1,0,1,0,0,0,1,1,0,0,1,1,0,1,0,4277970.0
1,1,0,0,1,1,0,1,1,0,1,0,1,1,0,0,2915770.0
1,1,0,0,1,1,1,1,1,1,0,0,1,0,1,0,4633630.0
1,0,0,1,0,1,0,0,1,1,0,0,1,0,1,0,5217000.0
1,1,0,1,0,0,1,0,1,1,0,0,1,0,1,0,3670670.0
1,0,1,0,0,1,1,1,1,1,0,0,1,1,0,0,2955270.0
1,1,1,0,1,1,0,0,1,1,0,0,1,0,1,0,5356269.999999999
1,1,1,1,0,0,0,0,1,0,0,1,1,0,0,1,5849770.0
1,1,1,1,1,1,1,0,1,0,0,1,1,1,0,0,2791300.0
1,1,1,1,0,1,1,0,1,1,0,0,1,0,1,0,4080700.0
1,1,0,1,0,1,1,1,1,1,0,0,1,0,0,1,5613730.000000001
1,0,0,0,1,0,1,0,1,0,0,1,1,0,1,0,4501570.0
1,0,1,0,1,0,1,0,1,0,0,1,1,0,0,1,6293370.0
1,1,0,0,0,1,1,1,1,1,0,0,1,0,0,1,5619600.0
1,0,1,1,1,1,1,0,1,1,0,0,1,1,0,0,2996370.0
1,0,0,1,1,0,1,1,1,0,0,1,1,0,1,0,4490300.0
1,1,1,0,0,1,0,1,1,0,1,0,1,0,0,1,6804770.0
1,1,0,0,1,0,0,1,1,1,0,0,1,0,0,1,7112930.0
1,1,1,0,0,1,1,0,1,1,0,0,1,0,0,1,5565130.0
1,1,0,1,0,1,0,0,1,1,0,0,1,1,0,0,2862870.0
1,1,1,1,0,1,1,0,1,0,0,1,1,0,1,0,4079900.0
1,1,0,1,0,0,0,0,1,1,0,0,1,0,0,1,5886730.0
1,0,0,1,0,1,1,1,1,0,1,0,1,0,0,1,5805770.0
1,1,0,1,1,1,0,0,1,1,0,0,1,0,1,0,5450170.000000001
1,0,0,0,0,1,1,0,1,0,1,0,1,0,1,0,4332230.0
1,1,0,0,0,1,0,1,1,0,0,1,1,1,0,0,2871070.0000000005
1,0,0,0,0,1,1,0,1,0,1,0,1,1,0,0,3055030.0
1,0,0,0,0,0,1,0,1,0,0,1,1,1,0,0,2721300.0
1,1,0,0,1,0,0,0,1,1,0,0,1,0,0,1,7112329.999999999
1,0,1,0,1,1,0,1,1,0,1,0,1,0,1,0,5622970.0
1,1,0,1,1,1,0,1,1,0,1,0,1,0,0,1,7837770.0
1,0,0,0,0,0,1,1,1,0,1,0,1,0,1,0,3828830.0
1,1,0,0,1,0,1,1,1,0,0,1,1,0,0,1,6169700.0
1,0,0,0,1,1,0,0,1,0,1,0,1,0,0,1,8180400.0
1,0,0,1,0,0,0,0,1,0,0,1,1,0,1,0,4476270.0
1,1,0,1,1,1,0,0,1,0,0,1,1,0,1,0,5448230.0
1,0,0,1,1,0,1,1,1,0,1,0,1,0,1,0,4481100.0
1,1,0,1,1,1,1,0,1,1,0,0,1,0,1,0,4626270.0
1,1,0,1,1,1,1,0,1,1,0,0,1,0,0,1,6517030.0
1,1,1,1,1,1,1,1,1,1,0,0,1,0,1,0,4554930.0
1,0,1,1,1,1,1,0,1,0,0,1,1,0,1,0,4763100.0
1,1,1,1,0,1,0,1,1,1,0,0,1,0,1,0,4868170.0
1,0,0,1,0,1,0,1,1,0,0,1,1,1,0,0,3051470.0
1,0,0,1,0,1,0,0,1,0,1,0,1,1,0,0,3051730.0
1,0,1,0,0,0,0,1,1,1,0,0,1,1,0,0,2604100.0000000005
1,1,1,1,0,1,0,0,1,0,1,0,1,0,0,1,6837630.0
1,0,0,1,1,1,1,1,1,1,0,0,1,0,1,0,4820830.0
1,1,1,0,1,1,0,1,1,0,1,0,1,1,0,0,2798900.0
1,1,0,0,0,1,0,0,1,1,0,0,1,0,0,1,6873900.0
1,1,0,0,1,0,0,1,1,0,1,0,1,0,0,1,7126670.0
1,0,1,1,0,1,1,0,1,0,1,0,1,0,0,1,5757000.0
1,0,0,0,0,1,1,1,1,1,0,0,1,0,0,1,5807300.0
1,0,1,0,1,1,1,0,1,0,0,1,1,0,0,1,6666870.0
1,0,0,1,0,1,1,1,1,0,0,1,1,0,0,1,5804100.0
1,1,0,1,1,1,0,1,1,0,1,0,1,0,1,0,5447500.0
1,1,1,0,1,0,1,1,1,0,1,0,1,0,0,1,6106870.0
1,1,1,1,0,1,0,1,1,0,1,0,1,0,1,0,4868270.0
1,0,1,1,1,0,0,0,1,0,0,1,1,1,0,0,2697330.0
1,1,0,0,0,0,0,0,1,1,0,0,1,0,1,0,4230770.0
1,0,0,1,0,1,0,1,1,1,0,0,1,0,1,0,5214430.0
1,1,1,1,0,0,0,1,1,0,1,0,1,1,0,0,2462000.0
1,0,0,1,1,0,0,1,1,0,0,1,1,1,0,0,2790830.0000000005
1,0,1,1,0,1,0,0,1,1,0,0,1,1,0,0,2953670.0
1,1,0,1,1,0,0,0,1,1,0,0,1,1,0,0,2604970.0
1,1,0,0,1,1,1,1,1,1,0,0,1,1,0,0,2916100.0
1,0,0,0,0,1,0,1,1,0,1,0,1,0,0,1,7220370.0
1,0,0,1,1,0,0,1,1,0,1,0,1,0,1,0,5171230.000000001
1,0,1,0,0,0,0,1,1,0,1,0,1,0,1,0,4379330.0
1,1,1,1,1,0,1,1,1,0,0,1,1,1,0,0,2526300.0
1,0,1,0,0,0,0,0,1,0,1,0,1,0,0,1,6047470.0
1,0,0,1,1,0,1,0,1,0,1,0,1,1,0,0,2778530.0
1,1,0,0,1,0,1,0,1,0,1,0,1,1,0,0,2632070.0
1,0,1,1,1,0,1,1,1,0,0,1,1,0,1,0,4452130.0
1,0,0,0,0,0,0,1,1,0,1,0,1,1,0,0,2707070.0
1,1,0,0,0,1,0,0,1,0,0,1,1,1,0,0,2871130.0
1,1,1,1,1,0,1,1,1,0,1,0,1,1,0,0,2516370.0
1,0,0,0,1,1,0,0,1,0,1,0,1,1,0,0,3106970.0
1,0,0,1,0,0,1,1,1,1,0,0,1,1,0,0,2681100.0
1,0,1,1,1,0,1,0,1,1,0,0,1,0,0,1,6257970.0
1,0,0,1,1,0,0,0,1,0,0,1,1,1,0,0,2790370.0
1,0,1,0,1,1,1,1,1,1,0,0,1,1,0,0,2998430.0
1,1,0,1,1,1,1,1,1,0,1,0,1,1,0,0,2912100.0
1,0,0,0,1,0,1,0,1,0,1,0,1,0,0,1,6321269.999999999
1,1,0,1,0,0,1,0,1,0,1,0,1,1,0,0,2563399.9999999995
1,0,1,0,1,0,1,0,1,0,1,0,1,0,0,1,6287569.999999999
1,1,0,1,0,1,1,0,1,0,1,0,1,1,0,0,2862799.9999999995
1,0,0,1,0,0,1,1,1,0,0,1,1,1,0,0,2714030.0
1,0,1,0,1,0,0,1,1,0,0,1,1,1,0,0,2699500.0
1,0,0,0,1,0,1,1,1,0,0,1,1,0,0,1,6328270.0
1,1,1,1,1,0,0,0,1,0,1,0,1,0,1,0,4873730.0
1,1,0,1,0,0,1,1,1,0,1,0,1,0,0,1,4967800.0
1,1,0,0,0,0,0,0,1,0,0,1,1,0,0,1,5885400.0
1,1,0,0,1,0,0,1,1,0,1,0,1,1,0,0,2632530.0
1,1,1,1,1,1,1,0,1,0,0,1,1,0,1,0,4557200.0
1,0,0,1,1,0,0,1,1,0,0,1,1,0,0,1,7454430.0
1,0,1,0,1,1,0,1,1,1,0,0,1,0,0,1,8070170.000000001
1,1,1,0,0,0,1,1,1,0,1,0,1,0,0,1,4929370.0
1,1,1,1,1,0,0,1,1,1,0,0,1,0,0,1,7048070.0
1,1,0,1,1,1,1,1,1,1,0,0,1,1,0,0,2909169.9999999995
1,0,0,0,0,0,1,0,1,0,0,1,1,0,0,1,5115070.0
1,1,1,0,0,0,0,0,1,1,0,0,1,0,1,0,4168870.0
1,1,0,0,0,1,1,1,1,0,1,0,1,0,1,0,4146870.0
1,1,0,0,0,1,0,1,1,0,0,1,1,0,0,1,6870330.0
1,1,1,0,0,1,1,0,1,0,1,0,1,1,0,0,2758970.0
1,1,1,0,1,1,1,0,1,1,0,0,1,0,0,1,6454470.0
1,1,0,1,0,0,0,1,1,0,0,1,1,0,0,1,5908370.0
1,1,0,1,1,0,0,1,1,0,0,1,1,1,0,0,2638530.0
1,0,0,0,1,0,0,0,1,0,1,0,1,0,1,0,5155430.0
1,1,1,0,0,1,1,1,1,0,1,0,1,0,0,1,5563070.0
1,0,1,1,1,1,1,1,1,0,1,0,1,1,0,0,2997330.0
1,1,0,0,0,0,1,1,1,1,0,0,1,0,0,1,4962300.0
1,1,0,0,1,1,0,1,1,1,0,0,1,1,0,0,2916200.0
1,0,0,0,0,1,0,0,1,1,0,0,1,0,1,0,5195870.0
1,1,0,0,0,1,1,1,1,0,1,0,1,0,0,1,5620670.0
1,0,0,1,1,0,0,0,1,1,0,0,1,0,0,1,7431630.0
1,1,1,0,1,1,0,1,1,0,1,0,1,0,0,1,7732200.0
1,1,0,0,0,1,0,1,1,1,0,0,1,1,0,0,2870600.0
1,1,1,0,0,0,0,1,1,1,0,0,1,0,1,0,4162630.0
1,0,0,1,0,1,1,1,1,0,0,1,1,1,0,0,3051030.0
1,0,0,1,1,1,0,1,1,1,0,0,1,1,0,0,3102170.0
1,0,1,1,0,0,0,1,1,0,0,1,1,0,1,0,4404100.0
1,1,0,1,1,0,1,1,1,1,0,0,1,0,1,0,4306970.0
1,1,0,0,0,0,1,0,1,0,0,1,1,1,0,0,2581130.0
1,1,1,0,0,1,0,0,1,0,0,1,1,1,0,0,2759700.0000000005
1,1,1,1,1,0,1,0,1,0,0,1,1,1,0,0,2527800.0
1,0,1,1,0,1,0,0,1,1,0,0,1,0,0,1,7160330.0
1,1,0,0,1,0,1,0,1,1,0,0,1,1,0,0,2612029.9999999995
1,1,1,0,1,1,0,1,1,0,1,0,1,0,1,0,5358600.0
1,0,0,1,0,1,1,1,1,0,1,0,1,0,1,0,4327970.0
1,0,1,1,0,1,0,0,1,0,0,1,1,0,0,1,7158270.0
1,0,0,0,1,0,1,1,1,0,0,1,1,1,0,0,2793030.0
1,1,1,0,1,0,0,0,1,0,0,1,1,0,0,1,7062470.0
1,1,0,1,0,1,0,1,1,1,0,0,1,0,0,1,6904630.0
1,0,0,1,0,0,0,0,1,0,1,0,1,0,0,1,6166200.0
1,0,1,1,0,1,0,0,1,0,1,0,1,0,0,1,7159930.000000001
1,1,1,0,1,0,0,0,1,0,1,0,1,0,0,1,7053970.000000001
1,0,1,0,1,1,0,1,1,1,0,0,1,0,1,0,5621830.0
1,1,0,0,0,0,1,0,1,1,0,0,1,0,1,0,3679630.0
1,1,1,0,1,0,0,1,1,0,1,0,1,0,0,1,7052130.0
1,1,1,0,0,1,1,0,1,0,0,1,1,0,1,0,4086830.0
1,1,1,0,0,0,1,1,1,0,0,1,1,0,0,1,4935430.0
1,0,1,0,1,0,1,0,1,0,0,1,1,0,1,0,4466400.0
1,0,1,0,1,1,0,0,1,0,1,0,1,1,0,0,2998130.0
1,0,0,1,1,0,1,0,1,0,0,1,1,1,0,0,2790970.0
1,1,1,1,0,1,1,0,1,0,1,0,1,0,0,1,5556130.000000001
1,1,1,1,0,1,1,1,1,0,1,0,1,0,0,1,5552600.0
1,1,1,0,1,0,1,0,1,1,0,0,1,1,0,0,2497300.0
1,1,1,1,1,0,0,1,1,0,0,1,1,0,0,1,7074930.000000001
1,0,1,1,1,1,1,0,1,0,1,0,1,0,0,1,6652930.0
1,0,1,0,0,0,1,0,1,0,1,0,1,1,0,0,2626530.0
1,1,1,1,1,0,1,1,1,0,1,0,1,0,1,0,4270600.0
1,1,0,0,1,1,1,1,1,0,0,1,1,0,1,0,4635000.0
1,0,1,1,1,0,0,1,1,1,0,0,1,0,0,1,7311930.0
1,0,1,1,0,1,0,1,1,1,0,0,1,1,0,0,2953330.0000000005
1,1,1,1,0,0,0,0,1,0,1,0,1,1,0,0,2464000.0
1,0,1,1,0,0,1,1,1,0,0,1,1,0,1,0,3801800.0
1,1,1,0,1,0,0,1,1,0,1,0,1,1,0,0,2517870.0
1,0,1,0,1,0,0,1,1,1,0,0,1,1,0,0,2665270.0
1,1,1,0,0,0,1,1,1,0,0,1,1,0,1,0,3654430.0
1,1,1,1,0,0,1,1,1,0,0,1,1,0,0,1,4924270.0
1,1,1,1,1,0,0,0,1,0,0,1,1,0,0,1,7075970.0
1,1,0,1,0,1,1,1,1,0,0,1,1,0,0,1,5613330.0
1,0,1,1,0,1,1,1,1,0,0,1,1,0,0,1,5755530.0
1,1,1,0,0,1,0,1,1,1,0,0,1,1,0,0,2759270.0
1,0,0,1,1,0,1,0,1,0,1,0,1,0,0,1,6312830.0
1,0,0,0,0,0,0,0,1,0,1,0,1,1,0,0,2706570.0
1,0,0,1,0,1,0,1,1,0,1,0,1,0,1,0,5216070.0
1,1,1,0,1,1,0,1,1,1,0,0,1,0,1,0,5356970.0
1,1,1,0,1,0,1,1,1,1,0,0,1,0,1,0,4264430.0
1,0,0,0,0,1,0,0,1,1,0,0,1,0,0,1,7214870.0
1,1,0,0,0,1,0,0,1,0,0,1,1,0,0,1,6874730.0
1,0,0,0,1,0,1,1,1,0,1,0,1,1,0,0,2780770.0
1,0,1,0,1,0,0,0,1,0,0,1,1,0,0,1,7317600.0
1,1,0,1,1,0,0,1,1,0,1,0,1,1,0,0,2626100.0
1,1,0,1,0,1,0,0,1,0,0,1,1,0,1,0,4943400.0
1,0,0,0,0,1,0,0,1,0,1,0,1,0,1,0,5195830.0
1,0,0,1,0,0,1,1,1,0,1,0,1,0,0,1,5100170.0
1,0,1,1,1,1,1,0,1,0,1,0,1,1,0,0,2996900.0
1,1,1,0,1,1,1,0,1,0,1,0,1,0,1,0,4567070.0
1,0,1,1,0,0,1,1,1,0,1,0,1,0,0,1,5080030.0
1,1,1,1,1,1,1,1,1,1,0,0,1,0,0,1,6439600.0
1,1,0,0,0,1,0,0,1,1,0,0,1,0,1,0,4926230.0
1,0,0,0,1,1,0,1,1,1,0,0,1,0,0,1,8173400.0
1,0,1,0,1,1,1,1,1,1,0,0,1,0,1,0,4769370.0
1,1,0,0,1,0,1,1,1,0,1,0,1,0,1,0,4336930.0
1,0,0,0,0,0,1,0,1,1,0,0,1,0,0,1,5100100.0
1,1,1,1,1,0,0,0,1,0,0,1,1,0,1,0,4887730.0
1,0,1,0,0,1,0,1,1,0,1,0,1,0,0,1,7126369.999999999
1,1,0,0,0,0,1,1,1,0,1,0,1,1,0,0,2567200.0000000005
1,0,0,0,1,0,1,0,1,1,0,0,1,0,0,1,6310430.0
1,1,0,1,0,0,1,0,1,0,1,0,1,0,1,0,3689870.0
1,1,1,0,0,1,0,1,1,1,0,0,1,0,1,0,4855830.0
1,0,0,0,0,1,0,0,1,1,0,0,1,1,0,0,3054000.0
1,0,0,0,1,0,1,1,1,1,0,0,1,1,0,0,2759570.0
1,0,0,0,1,1,1,0,1,0,0,1,1,1,0,0,3106730.0
1,0,1,1,0,1,1,1,1,1,0,0,1,0,1,0,4274930.0
1,1,0,0,1,0,0,0,1,1,0,0,1,1,0,0,2610770.0
1,1,1,0,1,1,1,1,1,1,0,0,1,1,0,0,2798100.0
1,0,1,1,0,1,1,1,1,0,1,0,1,0,0,1,5753970.000000001
1,1,1,0,1,1,1,1,1,0,1,0,1,1,0,0,2799030.0
1,1,0,1,1,0,0,0,1,0,0,1,1,0,0,1,7157370.0
1,1,1,1,1,0,1,1,1,1,0,0,1,1,0,0,2494100.0
1,1,1,1,0,0,1,1,1,1,0,0,1,0,1,0,3617029.9999999995
1,1,0,1,1,0,0,0,1,1,0,0,1,0,0,1,7136730.0
1,1,1,1,1,1,0,0,1,1,0,0,1,0,0,1,7758529.999999999
1,0,1,1,0,0,1,1,1,0,1,0,1,1,0,0,2622770.0
1,0,0,0,1,0,1,0,1,1,0,0,1,1,0,0,2760299.9999999995
1,0,1,0,0,0,1,1,1,0,0,1,1,1,0,0,2637530.0
1,0,0,0,0,0,0,1,1,0,1,0,1,0,0,1,6126430.0
1,0,0,1,1,0,0,1,1,0,0,1,1,0,1,0,5185670.0
1,1,0,0,1,1,0,1,1,0,1,0,1,0,0,1,7807569.999999999
1,0,0,1,0,0,0,1,1,0,1,0,1,1,0,0,2701530.0
1,0,1,1,0,0,1,1,1,0,0,1,1,0,0,1,5086070.0
1,1,0,0,0,1,0,0,1,0,1,0,1,0,1,0,4923070.0
1,0,0,1,0,0,0,1,1,0,1,0,1,0,1,0,4466000.0
1,0,1,1,1,0,0,0,1,0,1,0,1,1,0,0,2683970.0
1,1,0,1,0,0,1,0,1,0,1,0,1,0,0,1,4973330.0
1,0,0,0,1,1,1,1,1,1,0,0,1,0,1,0,4825900.0
1,1,1,0,1,0,1,0,1,0,0,1,1,0,1,0,4296430.0
1,0,0,1,0,1,1,0,1,0,1,0,1,0,1,0,4326670.0
1,0,1,0,1,0,0,1,1,1,0,0,1,0,1,0,5056370.0
1,1,0,0,1,1,0,0,1,1,0,0,1,1,0,0,2916330.0
1,0,0,1,1,1,0,1,1,1,0,0,1,0,0,1,8219630.0
1,1,0,0,1,0,1,0,1,0,1,0,1,0,0,1,6166870.0
1,1,0,0,1,0,0,1,1,0,0,1,1,1,0,0,2642870.0
1,0,0,1,1,0,0,1,1,1,0,0,1,1,0,0,2753730.0
1,0,1,0,1,1,0,1,1,1,0,0,1,1,0,0,2996900.0
1,0,0,0,1,1,0,0,1,0,0,1,1,1,0,0,3106070.0000000005
1,1,0,0,0,1,1,0,1,0,1,0,1,0,0,1,5619600.0
1,0,1,1,0,0,1,1,1,0,0,1,1,1,0,0,2633730.0
1,1,0,0,1,0,1,0,1,1,0,0,1,0,0,1,6153370.0
1,1,0,1,0,1,0,0,1,1,0,0,1,0,1,0,4942570.0
1,0,0,1,0,0,1,1,1,0,0,1,1,0,0,1,5108900.0
1,0,1,1,0,1,0,1,1,0,1,0,1,1,0,0,2955030.0
1,1,1,1,1,1,0,1,1,1,0,0,1,1,0,0,2791500.0
1,1,1,0,1,1,0,1,1,0,0,1,1,0,0,1,7734630.0
1,0,0,1,0,1,1,0,1,0,0,1,1,0,1,0,4327570.0
1,1,0,1,0,1,0,1,1,1,0,0,1,0,1,0,4939870.0
1,0,1,0,0,1,0,1,1,1,0,0,1,1,0,0,2955899.9999999995
1,0,0,0,0,1,1,0,1,0,0,1,1,0,1,0,4332230.0
1,1,0,1,0,1,0,0,1,0,1,0,1,0,1,0,4942330.0
1,0,1,1,0,0,1,1,1,1,0,0,1,0,0,1,5062230.0
1,0,0,1,1,0,0,1,1,1,0,0,1,0,0,1,7431230.000000001
1,0,0,0,0,1,1,1,1,0,0,1,1,0,1,0,4332130.0
1,0,1,0,1,1,1,0,1,0,1,0,1,1,0,0,2997500.0
1,1,1,0,0,1,0,1,1,0,0,1,1,0,0,1,6807270.0
1,0,1,0,1,1,0,0,1,1,0,0,1,1,0,0,2996600.0000000005
1,1,0,0,1,0,1,0,1,0,0,1,1,0,1,0,4349700.0
1,1,0,1,0,1,1,0,1,0,0,1,1,1,0,0,2864700.0000000005
1,0,0,0,0,1,1,0,1,0,0,1,1,1,0,0,3053500.0
1,1,1,0,1,0,1,0,1,0,1,0,1,0,0,1,6109570.0
1,0,1,0,1,1,1,1,1,0,0,1,1,1,0,0,2999600.0
1,0,1,0,1,1,0,1,1,0,1,0,1,1,0,0,2999070.0
1,1,1,0,0,0,0,0,1,0,1,0,1,0,0,1,5815130.0
1,1,0,0,0,0,0,1,1,0,1,0,1,0,1,0,4248200.0
1,0,0,0,1,0,0,0,1,0,0,1,1,0,1,0,5167670.000000001
1,0,1,1,0,1,0,0,1,1,0,0,1,0,1,0,5132329.999999999
1,0,1,0,1,0,1,1,1,0,1,0,1,0,0,1,6284970.0
1,0,0,1,1,0,1,0,1,0,0,1,1,0,0,1,6317370.0
1,0,1,0,1,1,0,1,1,0,0,1,1,1,0,0,2998500.0
1,1,1,1,0,0,0,0,1,0,1,0,1,0,1,0,4200100.0
1,0,0,0,1,0,0,0,1,0,1,0,1,1,0,0,2781970.0
1,0,0,0,0,1,0,1,1,0,0,1,1,0,1,0,5189600.0
1,0,1,0,1,0,0,1,1,0,0,1,1,0,1,0,5085470.0
1,0,1,0,0,0,0,0,1,0,0,1,1,0,0,1,6048869.999999999
1,1,1,1,1,0,1,0,1,0,1,0,1,0,1,0,4272430.0
1,0,0,0,0,0,0,0,1,0,0,1,1,0,1,0,4455770.0
1,1,1,1,1,0,0,0,1,1,0,0,1,0,0,1,7054530.0
1,1,0,0,1,0,1,1,1,0,1,0,1,1,0,0,2630730.0
1,1,0,0,1,1,0,0,1,0,1,0,1,1,0,0,2915899.9999999995
1,0,1,0,1,1,1,0,1,0,0,1,1,0,1,0,4768630.0
1,0,1,0,0,0,0,0,1,1,0,0,1,0,0,1,6027130.0
1,1,1,0,0,0,0,1,1,0,0,1,1,0,1,0,4193970.0
1,1,0,0,1,0,0,1,1,1,0,0,1,1,0,0,2613100.0
1,0,0,0,0,1,1,1,1,0,1,0,1,0,0,1,5806269.999999999
1,1,0,1,0,0,1,0,1,1,0,0,1,1,0,0,2541100.0
1,0,1,0,0,0,1,0,1,0,0,1,1,1,0,0,2638870.0
1,1,1,1,0,0,0,0,1,0,0,1,1,1,0,0,2474830.0
1,1,0,0,0,0,1,1,1,0,0,1,1,1,0,0,2578770.0
1,0,1,1,1,0,1,1,1,0,0,1,1,0,0,1,6278130.0
1,1,1,0,0,0,0,0,1,0,1,0,1,0,1,0,4185630.0
1,0,0,1,1,1,0,0,1,0,1,0,1,1,0,0,3102870.0
1,1,0,1,0,0,1,1,1,1,0,0,1,0,1,0,3668370.0
1,1,1,1,0,0,1,0,1,0,0,1,1,0,1,0,3650400.0
1,1,1,0,1,1,0,0,1,0,0,1,1,0,0,1,7734370.0
1,0,1,1,0,0,0,1,1,0,1,0,1,1,0,0,2622900.0
1,0,1,1,1,1,0,1,1,1,0,0,1,0,0,1,8095700.000000001
1,1,1,1,0,0,0,1,1,0,0,1,1,0,1,0,4206830.0
1,1,1,1,0,1,0,1,1,0,1,0,1,0,0,1,6832569.999999999
1,0,0,0,1,1,0,1,1,0,0,1,1,1,0,0,3106870.0
1,1,0,0,0,0,0,1,1,0,0,1,1,1,0,0,2579270.0
1,0,0,0,1,1,0,1,1,1,0,0,1,1,0,0,3105770.0
1,1,1,0,0,0,1,0,1,1,0,0,1,0,0,1,4915200.0
1,0,0,1,1,1,1,0,1,1,0,0,1,0,1,0,4823730.0
1,0,1,1,0,1,0,0,1,0,1,0,1,1,0,0,2954270.0
1,1,1,1,0,1,1,1,1,0,0,1,1,1,0,0,2754600.0
1,1,0,1,1,1,1,1,1,0,1,0,1,0,1,0,4624370.0
1,0,1,1,0,0,1,0,1,1,0,0,1,0,1,0,3778300.0
1,1,1,0,1,0,0,1,1,0,0,1,1,1,0,0,2530100.0
1,1,0,0,0,0,1,1,1,0,1,0,1,0,0,1,4979900.0
1,1,0,0,0,0,1,1,1,0,0,1,1,0,1,0,3705570.0
1,1,1,0,0,0,1,0,1,0,1,0,1,1,0,0,2465430.0
1,0,1,0,1,1,0,0,1,1,0,0,1,0,1,0,5625700.000000001
1,1,1,0,1,1,1,0,1,0,0,1,1,1,0,0,2798530.0
1,1,1,0,0,1,1,1,1,0,1,0,1,1,0,0,2760100.0
1,0,0,0,1,0,1,1,1,0,0,1,1,0,1,0,4501300.0
1,1,0,0,1,1,0,1,1,1,0,0,1,0,1,0,5430300.0
1,0,1,0,0,1,1,0,1,0,1,0,1,0,1,0,4283830.0
1,1,0,0,0,1,1,1,1,1,0,0,1,1,0,0,2870870.0
1,1,0,1,1,1,0,1,1,1,0,0,1,0,1,0,5445069.999999999
1,1,0,0,1,0,1,0,1,1,0,0,1,0,1,0,4321430.0
1,0,0,0,1,0,1,0,1,0,1,0,1,1,0,0,2782269.9999999995
1,1,1,0,0,1,1,0,1,1,0,0,1,1,0,0,2759930.0
1,1,0,0,0,1,1,1,1,0,0,1,1,0,1,0,4146700.0
1,1,0,0,1,0,0,0,1,0,0,1,1,1,0,0,2642930.0
1,0,0,1,1,0,0,1,1,0,1,0,1,0,0,1,7442600.0
1,0,1,0,0,0,1,1,1,0,1,0,1,0,1,0,3802770.0
1,1,1,1,0,1,0,0,1,0,1,0,1,0,1,0,4870100.0
1,1,1,1,1,1,0,0,1,0,1,0,1,1,0,0,2792470.0
1,0,0,0,0,1,0,1,1,0,0,1,1,0,0,1,7218670.0
1,0,0,0,0,0,1,1,1,0,1,0,1,1,0,0,2707269.9999999995
1,1,0,1,1,1,1,0,1,0,1,0,1,1,0,0,2911730.0
1,0,0,1,1,0,0,0,1,0,0,1,1,0,0,1,7455970.0
1,1,1,1,1,0,0,1,1,1,0,0,1,1,0,0,2494630.0
1,0,0,1,0,0,1,1,1,0,0,1,1,0,1,0,3829800.0
1,0,0,0,0,0,0,1,1,1,0,0,1,0,0,1,6108230.0
1,1,1,0,0,0,0,0,1,0,0,1,1,0,0,1,5818130.0
1,1,0,0,0,0,0,1,1,0,0,1,1,0,0,1,5882000.0
1,1,1,0,1,0,1,0,1,0,0,1,1,1,0,0,2531270.0
1,0,0,0,0,0,1,1,1,1,0,0,1,1,0,0,2686030.0
1,0,0,0,0,0,1,0,1,0,1,0,1,0,1,0,3830530.0
1,1,1,0,1,1,1,1,1,0,0,1,1,1,0,0,2799270.0
1,0,0,1,1,0,0,0,1,0,1,0,1,0,0,1,7448930.0
1,1,0,0,1,1,1,0,1,0,1,0,1,0,1,0,4633900.0
1,1,0,1,0,0,1,1,1,0,0,1,1,1,0,0,2575299.9999999995
1,1,0,1,0,0,1,1,1,0,0,1,1,0,1,0,3696170.0
1,1,0,1,0,0,1,0,1,0,0,1,1,1,0,0,2574070.0
1,1,0,1,0,0,0,0,1,0,1,0,1,0,1,0,4270700.0
1,0,1,1,1,0,0,0,1,0,1,0,1,0,0,1,7337770.0
1,0,1,1,1,0,1,0,1,0,1,0,1,1,0,0,2683970.0
1,1,0,0,1,1,0,0,1,1,0,0,1,0,1,0,5435900.0
1,0,1,0,0,0,1,1,1,0,1,0,1,0,0,1,5090330.0
1,1,1,1,0,1,1,0,1,0,1,0,1,1,0,0,2755230.0000000005
1,0,0,0,1,1,0,1,1,0,1,0,1,1,0,0,3107770.0
1,1,0,1,1,1,0,0,1,0,1,0,1,0,1,0,5447400.0
1,0,1,0,0,0,1,0,1,0,0,1,1,0,0,1,5098930.0
1,1,0,0,0,1,1,1,1,0,0,1,1,1,0,0,2870630.0
1,0,0,1,0,0,1,1,1,1,0,0,1,0,0,1,5084230.0
1,1,0,0,0,1,0,0,1,0,0,1,1,0,1,0,4923670.0
1,1,1,1,0,1,1,0,1,1,0,0,1,1,0,0,2754169.9999999995
1,0,0,1,1,0,0,0,1,0,0,1,1,0,1,0,5188000.0
1,0,1,0,0,1,0,0,1,0,0,1,1,1,0,0,2955770.0
1,0,1,1,0,1,0,0,1,0,0,1,1,0,1,0,5135230.0
1,0,1,1,1,0,1,0,1,0,1,0,1,0,0,1,6275000.0
1,0,0,0,0,0,1,0,1,0,0,1,1,0,1,0,3841970.0
1,1,0,0,1,0,1,1,1,0,1,0,1,0,0,1,6166100.0
1,0,0,1,1,1,0,1,1,0,0,1,1,0,1,0,5732400.0
1,1,0,1,0,0,0,1,1,1,0,0,1,1,0,0,2540330.0
1,1,0,1,0,0,1,1,1,1,0,0,1,1,0,0,2540130.0
1,0,0,1,0,1,0,0,1,1,0,0,1,1,0,0,3049000.0
1,1,1,0,1,0,0,0,1,0,1,0,1,0,1,0,4866370.0
1,0,1,1,1,1,0,0,1,1,0,0,1,1,0,0,2996370.0
1,1,0,1,0,0,0,0,1,0,1,0,1,1,0,0,2563330.0000000005
1,1,1,0,1,0,1,1,1,1,0,0,1,1,0,0,2496070.0
1,1,0,1,0,0,0,0,1,1,0,0,1,0,1,0,4250630.0
1,1,1,0,1,1,1,1,1,1,0,0,1,0,1,0,4563700.0
1,0,0,1,0,0,1,0,1,0,1,0,1,0,0,1,5101830.0
1,1,1,0,0,0,1,0,1,0,0,1,1,0,1,0,3659030.0
1,0,0,0,0,0,1,1,1,1,0,0,1,0,1,0,3808399.9999999995
1,1,0,0,1,0,0,0,1,0,1,0,1,1,0,0,2634370.0
1,0,0,1,0,1,0,1,1,0,0,1,1,0,1,0,5215100.0
1,0,1,0,0,0,1,1,1,1,0,0,1,0,1,0,3782830.0
1,1,0,1,1,0,1,0,1,1,0,0,1,1,0,0,2606370.0
1,1,0,1,1,0,0,1,1,0,1,0,1,0,0,1,7146670.0
1,1,1,1,1,1,0,1,1,0,1,0,1,1,0,0,2791570.0
1,1,0,0,0,0,0,0,1,0,1,0,1,0,1,0,4251500.0
1,1,1,1,1,1,1,0,1,0,1,0,1,0,0,1,6443570.0
1,0,0,1,1,0,1,0,1,0,1,0,1,0,1,0,4485300.0
1,0,1,0,0,1,0,1,1,0,1,0,1,0,1,0,5113430.0
1,1,0,1,1,0,1,1,1,0,0,1,1,0,1,0,4339270.0
1,0,1,0,1,1,1,0,1,1,0,0,1,0,0,1,6665530.0
1,0,0,0,1,1,1,0,1,1,0,0,1,0,0,1,6723730.000000001
1,1,0,1,0,1,1,0,1,0,0,1,1,0,0,1,5619330.0
1,0,1,1,0,0,0,1,1,0,0,1,1,0,0,1,6077000.0
1,0,1,1,0,0,0,1,1,1,0,0,1,0,1,0,4374830.0
1,0,1,1,1,1,0,1,1,0,1,0,1,0,1,0,5640300.0
1,1,1,1,1,0,1,0,1,1,0,0,1,0,1,0,4252470.0
1,1,0,1,0,1,1,0,1,1,0,0,1,1,0,0,2864300.0
1,0,0,1,0,0,1,0,1,1,0,0,1,0,1,0,3801470.0
1,0,1,0,1,1,1,0,1,0,1,0,1,0,1,0,4769130.0
1,0,1,1,0,1,1,0,1,1,0,0,1,1,0,0,2952570.0
1,1,1,0,0,0,1,0,1,0,1,0,1,0,0,1,4932770.0
1,0,1,0,0,1,0,0,1,1,0,0,1,1,0,0,2954700.0000000005
1,1,1,1,1,0,0,1,1,0,0,1,1,1,0,0,2527370.0
1,1,1,0,1,1,0,0,1,0,0,1,1,0,1,0,5357070.0
1,1,1,1,0,1,0,0,1,1,0,0,1,0,0,1,6837500.0
1,1,0,0,0,1,1,1,1,1,0,0,1,0,1,0,4147370.0
1,1,1,0,0,1,0,0,1,0,0,1,1,0,1,0,4855900.0
1,1,1,1,0,1,1,1,1,0,1,0,1,1,0,0,2754070.0
1,0,0,0,1,1,1,1,1,1,0,0,1,0,0,1,6721369.999999999
1,0,0,0,0,0,0,1,1,0,0,1,1,0,1,0,4454870.0
1,1,0,0,1,1,0,1,1,0,1,0,1,0,1,0,5432170.0
1,1,0,1,1,0,0,0,1,0,1,0,1,0,1,0,4951000.0
1,0,1,0,1,0,0,1,1,0,0,1,1,0,0,1,7314100.0
1,0,0,0,1,0,0,1,1,0,0,1,1,1,0,0,2793330.0000000005
1,0,0,0,1,0,1,1,1,0,1,0,1,0,0,1,6320630.0
1,0,0,0,1,0,1,1,1,1,0,0,1,0,0,1,6305770.0
1,0,1,0,0,1,1,0,1,1,0,0,1,0,1,0,4284270.0
1,1,0,1,1,0,0,1,1,0,1,0,1,0,1,0,4942670.0
1,0,0,1,1,0,0,1,1,0,1,0,1,1,0,0,2775330.0
1,1,0,1,1,0,0,0,1,0,0,1,1,0,1,0,4955600.0
1,1,0,1,1,1,0,1,1,0,0,1,1,1,0,0,2910570.0
1,1,1,1,1,1,0,0,1,0,1,0,1,0,0,1,7756630.0
1,1,1,1,1,1,0,0,1,0,1,0,1,0,1,0,5371430.0
1,1,1,1,1,1,1,0,1,1,0,0,1,1,0,0,2791530.0
1,0,0,0,0,0,1,0,1,1,0,0,1,0,1,0,3811230.0
1,0,1,0,0,1,1,1,1,0,0,1,1,1,0,0,2956830.0
1,1,0,1,1,0,1,1,1,0,1,0,1,0,0,1,6150599.999999999
1,0,0,0,1,1,0,0,1,0,0,1,1,0,0,1,8179900.0
1,1,1,1,1,1,0,0,1,1,0,0,1,1,0,0,2791500.0
1,0,0,0,1,1,0,1,1,0,1,0,1,0,0,1,8173400.0
1,0,1,0,1,0,0,1,1,0,1,0,1,0,0,1,7312170.0
1,0,1,1,1,0,0,1,1,1,0,0,1,0,1,0,5069300.0
1,0,0,1,1,0,1,1,1,1,0,0,1,0,1,0,4462500.0
1,1,1,0,0,0,1,1,1,1,0,0,1,1,0,0,2443330.0
1,0,1,1,0,1,1,1,1,1,0,0,1,0,0,1,5754770.0
1,1,0,0,1,1,0,0,1,0,0,1,1,0,1,0,5435230.0
1,0,1,1,0,0,0,1,1,1,0,0,1,1,0,0,2599030.0
1,0,0,1,1,1,1,1,1,0,1,0,1,0,1,0,4820400.0
1,0,1,0,1,0,1,1,1,1,0,0,1,1,0,0,2665100.0
1,1,0,0,1,0,0,1,1,0,0,1,1,0,0,1,7129530.0
1,1,0,0,1,1,0,0,1,1,0,0,1,0,0,1,7809299.999999999
1,0,0,0,1,1,0,0,1,1,0,0,1,0,1,0,5715670.0
1,0,1,0,0,0,0,0,1,0,0,1,1,0,1,0,4391070.0
1,0,0,1,0,1,0,1,1,0,0,1,1,0,0,1,7266000.0
1,1,0,1,0,0,1,1,1,0,0,1,1,0,0,1,4973700.0
1,1,0,0,1,1,1,0,1,0,0,1,1,0,0,1,6524829.999999999
1,0,0,0,0,1,1,1,1,0,0,1,1,0,0,1,5806070.0
1,0,0,1,0,0,0,1,1,0,0,1,1,0,1,0,4476470.0
1,0,1,0,0,1,1,0,1,1,0,0,1,1,0,0,2955070.0
1,1,0,1,1,1,1,1,1,0,0,1,1,0,0,1,6512000.0
1,0,0,0,0,0,0,0,1,0,0,1,1,1,0,0,2719670.0
1,0,1,1,1,0,0,0,1,0,1,0,1,0,1,0,5092730.0
1,1,0,1,1,0,1,1,1,1,0,0,1,1,0,0,2605500.0
1,0,0,1,1,0,0,0,1,0,1,0,1,0,1,0,5181430.0
1,1,1,0,1,0,1,0,1,0,1,0,1,0,1,0,4284130.0
1,1,1,0,0,0,0,1,1,0,0,1,1,1,0,0,2475070.0
1,0,1,1,0,0,0,0,1,0,0,1,1,0,0,1,6079270.0
1,1,0,0,0,1,0,1,1,0,1,0,1,0,0,1,6871470.000000001
1,0,0,0,0,0,0,0,1,0,1,0,1,0,1,0,4446000.0
1,0,1,1,0,0,1,0,1,0,0,1,1,1,0,0,2634030.0
1,0,1,1,0,1,0,1,1,0,1,0,1,0,0,1,7159070.0
1,0,0,1,0,0,0,1,1,1,0,0,1,0,1,0,4445200.0
1,0,1,0,0,1,0,0,1,0,1,0,1,0,1,0,5115800.0
1,1,1,1,1,0,0,1,1,0,1,0,1,0,0,1,7065900.0
1,1,1,0,0,0,1,1,1,1,0,0,1,0,0,1,4912370.0
1,0,0,1,1,1,1,0,1,1,0,0,1,0,0,1,6717300.0
1,0,1,1,1,1,0,1,1,0,1,0,1,0,0,1,8095000.0
1,1,1,1,0,1,0,1,1,0,0,1,1,1,0,0,2754270.0
1,0,0,1,0,0,0,0,1,0,1,0,1,1,0,0,2700700.0
1,1,0,0,0,0,0,0,1,0,1,0,1,1,0,0,2567269.9999999995
1,1,1,1,0,1,0,1,1,1,0,0,1,1,0,0,2754330.0
1,1,1,1,1,0,1,1,1,0,1,0,1,0,0,1,6086799.999999999
1,0,1,1,0,1,1,0,1,0,1,0,1,0,1,0,4277530.0
1,0,0,0,0,0,1,1,1,0,1,0,1,0,0,1,5108570.0
1,0,1,1,0,1,1,1,1,0,1,0,1,0,1,0,4274770.0
1,0,0,0,1,0,0,1,1,0,0,1,1,0,1,0,5165870.0
1,1,1,0,1,0,1,1,1,0,0,1,1,0,0,1,6114330.0
1,1,1,0,1,0,1,1,1,1,0,0,1,0,0,1,6089970.0
1,0,0,0,1,0,1,1,1,0,1,0,1,0,1,0,4491330.0
1,1,0,1,0,0,0,0,1,0,0,1,1,0,0,1,5905500.0
1,0,1,0,0,1,0,1,1,1,0,0,1,0,0,1,7128099.999999999
1,1,1,1,0,0,0,1,1,0,1,0,1,0,0,1,5834270.0
1,1,1,0,0,0,1,0,1,1,0,0,1,0,1,0,3626270.0
1,1,0,0,1,1,0,1,1,0,0,1,1,1,0,0,2915299.9999999995
1,0,0,0,0,0,0,0,1,1,0,0,1,0,1,0,4422500.0
1,0,1,1,0,1,1,0,1,0,0,1,1,0,0,1,5756630.0
1,1,0,0,0,0,1,0,1,1,0,0,1,1,0,0,2548200.0
1,1,1,1,0,0,1,1,1,0,1,0,1,0,1,0,3635600.0
1,1,0,1,1,1,1,0,1,0,0,1,1,0,1,0,4627400.0
1,1,0,1,0,1,0,1,1,0,0,1,1,1,0,0,2863270.0
1,1,1,1,0,0,0,1,1,1,0,0,1,0,1,0,4176330.0
1,1,1,0,0,1,0,0,1,1,0,0,1,1,0,0,2759230.0
1,1,0,0,1,1,0,1,1,0,0,1,1,0,1,0,5430830.0
1,0,0,0,0,0,1,1,1,1,0,0,1,0,0,1,5095230.0
1,1,0,1,1,1,1,1,1,1,0,0,1,0,1,0,4624730.0
1,1,0,1,1,0,1,0,1,0,0,1,1,0,1,0,4339130.0
1,0,0,1,1,1,1,0,1,0,1,0,1,1,0,0,3102500.0
1,0,1,0,1,0,0,1,1,0,1,0,1,0,1,0,5073900.0
1,0,0,0,0,1,0,1,1,0,1,0,1,0,1,0,5191530.0
1,1,1,1,1,1,0,1,1,1,0,0,1,0,0,1,7758030.0
1,0,0,1,1,0,1,1,1,0,1,0,1,0,0,1,6310530.0
1,0,0,1,0,1,0,1,1,0,1,0,1,1,0,0,3050400.0
1,1,1,1,0,0,0,0,1,1,0,0,1,1,0,0,2442300.0
1,1,1,1,0,1,1,0,1,0,0,1,1,1,0,0,2753900.0
1,0,0,0,0,0,1,1,1,0,0,1,1,0,0,1,5117330.0
1,1,0,1,0,1,1,0,1,1,0,0,1,0,1,0,4142300.0
1,0,1,1,1,0,1,1,1,1,0,0,1,0,1,0,4425000.0
1,1,1,0,0,1,1,1,1,0,1,0,1,0,1,0,4086170.0
1,0,0,0,1,0,0,1,1,0,1,0,1,0,1,0,5156630.0
1,0,0,0,1,0,0,1,1,0,1,0,1,0,0,1,7412070.0
1,0,0,1,0,0,1,0,1,0,0,1,1,1,0,0,2714169.9999999995
1,1,1,1,0,1,1,1,1,1,0,0,1,1,0,0,2754700.0000000005
1,1,0,0,1,1,1,0,1,0,1,0,1,0,0,1,6526530.0
1,0,1,0,0,1,1,1,1,0,0,1,1,0,0,1,5762470.0
1,0,0,1,0,1,0,0,1,1,0,0,1,0,0,1,7268900.0
1,0,0,0,0,0,0,1,1,1,0,0,1,0,1,0,4425470.0
1,1,1,1,0,1,1,1,1,1,0,0,1,0,1,0,4077570.0
1,0,1,0,0,1,0,0,1,0,0,1,1,0,1,0,5113730.0
1,1,0,1,0,1,0,0,1,0,0,1,1,1,0,0,2863530.0
1,1,0,0,1,1,1,1,1,1,0,0,1,0,0,1,6525500.0
1,0,1,0,1,1,0,0,1,0,0,1,1,1,0,0,2998670.0
1,1,0,1,1,1,0,0,1,0,0,1,1,0,0,1,7837830.0
1,1,1,0,1,0,0,1,1,1,0,0,1,0,0,1,7035000.0
1,1,0,0,0,0,1,1,1,0,1,0,1,0,1,0,3694630.0
1,0,0,1,0,1,0,0,1,0,0,1,1,0,1,0,5219800.0
1,1,1,1,0,1,1,1,1,0,1,0,1,0,1,0,4076870.0
1,0,1,1,0,0,1,1,1,0,1,0,1,0,1,0,3794000.0
1,0,1,1,1,1,1,1,1,0,0,1,1,1,0,0,2996770.0
1,0,0,0,0,0,0,0,1,1,0,0,1,1,0,0,2687200.0000000005
1,0,1,0,0,0,0,1,1,1,0,0,1,0,1,0,4359770.0
1,1,1,1,1,1,1,1,1,1,0,0,1,1,0,0,2792670.0
1,0,0,1,1,1,1,1,1,0,0,1,1,0,0,1,6715500.0
1,1,0,0,1,1,1,0,1,0,0,1,1,1,0,0,2914830.0
1,0,0,0,1,1,0,0,1,1,0,0,1,0,0,1,8177930.0
1,1,0,1,0,0,0,1,1,0,1,0,1,1,0,0,2562730.0000000005
1,1,1,1,0,0,1,0,1,0,0,1,1,1,0,0,2476670.0
1,1,1,1,0,0,1,0,1,0,0,1,1,0,0,1,4930070.0
1,1,1,1,0,0,1,1,1,1,0,0,1,1,0,0,2442800.0
1,0,1,0,0,0,1,0,1,0,0,1,1,0,1,0,3814030.0
1,0,1,0,0,0,1,1,1,0,1,0,1,1,0,0,2625299.9999999995
1,1,0,1,0,1,1,1,1,0,1,0,1,0,0,1,5614200.0
1,0,1,1,1,1,1,1,1,0,1,0,1,0,0,1,6652300.0
1,0,0,0,1,0,0,0,1,1,0,0,1,0,0,1,7402100.0
1,0,0,0,1,0,0,1,1,0,0,1,1,0,0,1,7418869.999999999
1,1,1,1,1,0,1,0,1,0,1,0,1,0,0,1,6092000.0
1,1,1,0,1,1,1,0,1,0,0,1,1,0,1,0,4566170.0
1,0,0,1,0,1,1,0,1,0,0,1,1,1,0,0,3050270.0
1,0,1,1,1,0,0,0,1,0,0,1,1,0,1,0,5102100.0
1,1,1,0,1,1,1,0,1,1,0,0,1,1,0,0,2797530.0
1,0,1,1,1,0,1,1,1,0,1,0,1,0,1,0,4443800.0
1,0,0,1,0,0,0,0,1,1,0,0,1,1,0,0,2680170.0
1,1,0,1,1,1,1,0,1,0,1,0,1,0,1,0,4625700.0
1,0,1,1,1,1,1,1,1,0,1,0,1,0,1,0,4761270.0
1,0,1,1,1,0,0,1,1,0,1,0,1,0,0,1,7332170.0
1,1,0,0,0,1,1,0,1,0,0,1,1,1,0,0,2870530.0
1,1,1,1,0,0,0,0,1,1,0,0,1,0,0,1,5814070.0
1,1,0,0,1,1,1,0,1,0,1,0,1,1,0,0,2916730.0
1,0,0,0,0,1,0,1,1,0,0,1,1,1,0,0,3055000.0
1,1,0,0,0,1,0,1,1,0,1,0,1,1,0,0,2871070.0000000005
1,0,1,0,0,1,0,0,1,1,0,0,1,0,1,0,5116930.0
1,0,0,1,0,0,1,0,1,1,0,0,1,1,0,0,2681700.0
1,1,1,0,0,1,0,1,1,0,0,1,1,1,0,0,2759600.0
1,0,0,0,0,0,0,1,1,0,1,0,1,0,1,0,4443330.0
1,1,0,0,0,0,0,0,1,0,1,0,1,0,0,1,5877730.0
1,0,1,1,0,0,1,1,1,1,0,0,1,0,1,0,3775030.0
1,0,1,1,1,1,0,1,1,0,0,1,1,0,0,1,8095300.0
1,1,0,1,1,0,0,1,1,0,0,1,1,0,0,1,7155830.0
1,0,1,0,0,1,1,0,1,0,1,0,1,1,0,0,2956800.0
1,1,0,0,0,1,0,1,1,1,0,0,1,0,0,1,6870930.0
1,0,0,1,0,1,1,1,1,1,0,0,1,1,0,0,3049400.0
1,1,1,0,1,1,0,0,1,1,0,0,1,1,0,0,2797900.0
1,1,0,1,1,0,0,1,1,0,0,1,1,0,1,0,4954500.0
1,0,0,0,1,0,0,0,1,1,0,0,1,1,0,0,2761030.0
1,0,1,0,0,0,1,1,1,1,0,0,1,1,0,0,2603800.0
1,0,0,1,1,1,1,1,1,0,0,1,1,1,0,0,3102530.0
1,1,1,0,0,1,1,0,1,0,0,1,1,1,0,0,2759870.0
1,1,0,0,0,1,0,1,1,1,0,0,1,0,1,0,4922670.0
1,1,0,0,0,0,0,1,1,1,0,0,1,1,0,0,2547330.0
1,0,1,1,0,1,0,0,1,0,1,0,1,0,1,0,5132329.999999999
1,1,0,1,1,1,1,1,1,0,1,0,1,0,0,1,6512870.0
1,1,0,1,1,1,1,1,1,0,0,1,1,1,0,0,2912370.0
1,0,0,0,1,0,1,0,1,0,0,1,1,1,0,0,2795330.0
1,0,1,0,1,0,1,0,1,0,1,0,1,0,1,0,4458370.0
1,0,1,1,1,1,1,1,1,1,0,0,1,0,0,1,6652830.0
1,1,1,0,1,1,0,1,1,0,0,1,1,0,1,0,5355530.0
1,0,0,0,0,1,0,0,1,0,0,1,1,0,0,1,7218730.000000001
1,0,1,1,0,0,0,0,1,1,0,0,1,0,1,0,4379200.0
1,0,1,0,1,1,1,1,1,0,1,0,1,0,1,0,4769530.0
1,1,1,0,0,0,0,1,1,1,0,0,1,1,0,0,2443030.0
1,1,0,1,0,1,1,1,1,0,0,1,1,0,1,0,4139130.0
1,0,0,1,1,1,0,0,1,0,1,0,1,0,0,1,8215270.0
1,0,0,1,1,1,0,0,1,1,0,0,1,0,1,0,5736530.0
1,0,1,1,1,1,0,0,1,0,0,1,1,1,0,0,2998130.0
1,0,0,0,0,1,1,1,1,0,1,0,1,0,1,0,4331530.0
1,1,1,1,0,0,0,0,1,0,1,0,1,0,0,1,5835270.0
1,1,1,0,0,1,0,0,1,0,0,1,1,0,0,1,6805630.0
1,0,1,0,0,1,0,1,1,0,0,1,1,0,1,0,5114070.0
1,1,0,0,0,0,0,1,1,0,0,1,1,0,1,0,4258730.0
1,0,0,0,1,0,1,1,1,1,0,0,1,0,1,0,4471370.0
1,0,1,0,0,0,0,1,1,0,1,0,1,0,0,1,6041230.000000001
1,0,1,0,0,1,0,0,1,0,1,0,1,0,0,1,7129170.0
1,1,0,1,0,1,0,1,1,0,1,0,1,0,0,1,6902170.0
1,0,0,1,0,1,1,0,1,0,0,1,1,0,0,1,5804770.0
1,1,0,0,0,1,0,1,1,0,0,1,1,0,1,0,4923600.0
1,1,1,0,0,1,0,1,1,0,0,1,1,0,1,0,4854370.0
1,0,1,1,1,1,1,0,1,1,0,0,1,0,1,0,4762230.0
1,0,1,0,1,1,0,0,1,0,0,1,1,0,0,1,8074370.0
1,1,0,0,1,0,0,0,1,1,0,0,1,0,1,0,4921270.0
1,0,0,1,1,1,0,0,1,0,0,1,1,0,0,1,8217600.0
1,0,0,0,0,1,1,1,1,0,0,1,1,1,0,0,3054330.0
1,1,0,0,1,1,1,1,1,0,1,0,1,0,0,1,6524330.0
1,0,0,1,1,0,1,1,1,0,1,0,1,1,0,0,2775630.0
1,1,1,1,0,0,0,1,1,1,0,0,1,0,0,1,5812430.000000001
1,0,1,1,1,0,0,1,1,0,0,1,1,1,0,0,2695230.0000000005
1,0,0,1,0,0,0,0,1,0,0,1,1,1,0,0,2713370.0
1,0,1,1,0,0,0,0,1,0,0,1,1,0,1,0,4406730.0
1,0,1,0,0,0,1,1,1,0,0,1,1,0,0,1,5094730.0
1,0,0,0,0,0,1,0,1,0,1,0,1,0,0,1,5111530.0
1,0,1,1,0,0,0,0,1,0,1,0,1,0,0,1,6075370.0
1,0,1,1,1,0,1,1,1,0,1,0,1,1,0,0,2682630.0
1,1,0,0,0,0,0,0,1,1,0,0,1,0,0,1,5853500.0
1,1,1,1,0,0,1,0,1,1,0,0,1,1,0,0,2442770.0
1,0,1,1,0,1,1,1,1,0,0,1,1,1,0,0,2954100.0000000005
